presidente de México,2019-010-24,05:00:45,572
presidente de México,2019-010-25,05:00:21,524
presidente de México,2019-010-26,05:00:12,412
presidente de México,2019-010-27,05:00:17,403
presidente de México,2019-010-28,05:00:13,413
presidente de México,2019-010-29,05:00:31,543
presidente de México,2019-010-30,05:00:35,593
presidente de México,2019-010-31,05:00:43,550
presidente de México,2019-011-1,05:00:45,562
presidente de México,2019-011-2,05:00:52,633
presidente de México,2019-011-3,05:00:35,577
presidente de México,2019-011-4,05:00:38,661
presidente de México,2019-011-5,05:00:57,600
presidente de México,2019-011-6,05:00:51,1480
presidente de México,2019-011-7,05:00:46,1192
presidente de México,2019-011-8,05:00:55,892
presidente de México,2019-011-9,05:00:19,592
presidente de México,2019-011-10,05:00:24,477
presidente de México,2019-011-11,05:00:47,723
presidente de México,2019-011-12,05:00:08,578
presidente de México,2019-011-13,05:00:47,2190
presidente de México,2019-011-14,05:00:41,474
presidente de México,2019-011-15,05:00:55,781
presidente de México,2019-011-16,05:00:35,379
presidente de México,2019-011-17,05:00:22,420
presidente de México,2019-011-18,05:00:30,440
presidente de México,2019-011-19,05:00:41,88
presidente de México,2019-011-20,05:00:47,498
